"","learn method","mmce","acc","auc","ce"
"1","classif.naiveBayes",0.194444444444444,0.805555555555556,0.634920634920635,0.26984126984127
"2","classif.svm",0.125,0.875,0.537918871252205,0.0758377425044092
"3","classif.gbm",0.125,0.875,0.653439153439153,0.306878306878307
"4","classif.lda",0.138888888888889,0.861111111111111,0.64021164021164,0.28042328042328
"5","classif.mlp",0.125,0.875,0.647266313932981,0.294532627865961
"6","classif.randomForest",0.138888888888889,0.861111111111111,0.689594356261023,0.379188712522046
"7","classif.rpart",0.166666666666667,0.833333333333333,0.619929453262787,0.239858906525573
"8","classif.glmnet",0.138888888888889,0.861111111111111,0.661375661375661,0.322751322751323
"9","classif.nnet",0.125,0.875,0.489417989417989,-0.0211640211640212
"10","classif.multinom",0.152777777777778,0.847222222222222,0.649029982363316,0.298059964726631
"11","classif.naiveBayes",0.123287671232877,0.876712328767123,0.866666666666667,0.733333333333333
"12","classif.svm",0.123287671232877,0.876712328767123,0.498412698412698,-0.00317460317460316
"13","classif.gbm",0.136986301369863,0.863013698630137,0.91984126984127,0.83968253968254
"14","classif.lda",0.123287671232877,0.876712328767123,0.931746031746032,0.863492063492064
"15","classif.mlp",0.136986301369863,0.863013698630137,0.772222222222222,0.544444444444445
"16","classif.randomForest",0.150684931506849,0.849315068493151,0.86984126984127,0.73968253968254
"17","classif.rpart",0.150684931506849,0.849315068493151,0.81984126984127,0.63968253968254
"18","classif.glmnet",0.123287671232877,0.876712328767123,0.903174603174603,0.806349206349206
"19","classif.nnet",0.136986301369863,0.863013698630137,0.777777777777778,0.555555555555556
"20","classif.multinom",0.123287671232877,0.876712328767123,0.926984126984127,0.853968253968254
"21","classif.naiveBayes",0.180555555555556,0.819444444444444,0.682258064516129,0.364516129032258
"22","classif.svm",0.138888888888889,0.861111111111111,0.787096774193548,0.574193548387097
"23","classif.gbm",0.138888888888889,0.861111111111111,0.742741935483871,0.485483870967742
"24","classif.lda",0.138888888888889,0.861111111111111,0.717741935483871,0.435483870967742
"25","classif.mlp",0.138888888888889,0.861111111111111,0.686290322580645,0.37258064516129
"26","classif.randomForest",0.138888888888889,0.861111111111111,0.755645161290323,0.511290322580645
"27","classif.rpart",0.111111111111111,0.888888888888889,0.687096774193548,0.374193548387097
"28","classif.glmnet",0.125,0.875,0.74758064516129,0.495161290322581
"29","classif.nnet",0.138888888888889,0.861111111111111,0.814516129032258,0.629032258064516
"30","classif.multinom",0.138888888888889,0.861111111111111,0.714516129032258,0.429032258064516
"31","classif.naiveBayes",0.194444444444444,0.805555555555556,0.767741935483871,0.535483870967742
"32","classif.svm",0.152777777777778,0.847222222222222,0.433870967741936,-0.132258064516129
"33","classif.gbm",0.138888888888889,0.861111111111111,0.809677419354839,0.619354838709677
"34","classif.lda",0.166666666666667,0.833333333333333,0.806451612903226,0.612903225806452
"35","classif.mlp",0.138888888888889,0.861111111111111,0.689516129032258,0.379032258064516
"36","classif.randomForest",0.138888888888889,0.861111111111111,0.795161290322581,0.590322580645161
"37","classif.rpart",0.152777777777778,0.847222222222222,0.733870967741935,0.467741935483871
"38","classif.glmnet",0.152777777777778,0.847222222222222,0.815322580645161,0.630645161290323
"39","classif.nnet",0.138888888888889,0.861111111111111,0.679838709677419,0.359677419354839
"40","classif.multinom",0.152777777777778,0.847222222222222,0.806451612903226,0.612903225806452
"41","classif.naiveBayes",0.152777777777778,0.847222222222222,0.84053651266766,0.68107302533532
"42","classif.svm",0.152777777777778,0.847222222222222,0.842026825633383,0.684053651266766
"43","classif.gbm",0.152777777777778,0.847222222222222,0.83532041728763,0.670640834575261
"44","classif.lda",0.152777777777778,0.847222222222222,0.831594634873323,0.663189269746647
"45","classif.mlp",0.152777777777778,0.847222222222222,0.319672131147541,-0.360655737704918
"46","classif.randomForest",0.138888888888889,0.861111111111111,0.764530551415797,0.529061102831595
"47","classif.rpart",0.208333333333333,0.791666666666667,0.652011922503726,0.304023845007451
"48","classif.glmnet",0.138888888888889,0.861111111111111,0.829359165424739,0.658718330849478
"49","classif.nnet",0.152777777777778,0.847222222222222,0.741430700447094,0.482861400894188
"50","classif.multinom",0.138888888888889,0.861111111111111,0.834575260804769,0.669150521609538
"51","classif.naiveBayes",0.194444444444444,0.805555555555556,0.717980295566502,0.435960591133005
"52","classif.svm",0.180555555555556,0.819444444444444,0.497536945812808,-0.00492610837438423
"53","classif.gbm",0.194444444444444,0.805555555555556,0.815886699507389,0.631773399014778
"54","classif.lda",0.180555555555556,0.819444444444444,0.834975369458128,0.669950738916256
"55","classif.mlp",0.194444444444444,0.805555555555556,0.328817733990148,-0.342364532019704
"56","classif.randomForest",0.180555555555556,0.819444444444444,0.779556650246305,0.559113300492611
"57","classif.rpart",0.180555555555556,0.819444444444444,0.645320197044335,0.29064039408867
"58","classif.glmnet",0.180555555555556,0.819444444444444,0.827586206896552,0.655172413793103
"59","classif.nnet",0.194444444444444,0.805555555555556,0.782635467980296,0.565270935960591
"60","classif.multinom",0.194444444444444,0.805555555555556,0.832512315270936,0.665024630541872
"61","classif.naiveBayes",0.236111111111111,0.763888888888889,0.821428571428571,0.642857142857143
"62","classif.svm",0.194444444444444,0.805555555555556,0.568965517241379,0.137931034482759
"63","classif.gbm",0.194444444444444,0.805555555555556,0.769088669950739,0.538177339901478
"64","classif.lda",0.194444444444444,0.805555555555556,0.791871921182266,0.583743842364532
"65","classif.mlp",0.194444444444444,0.805555555555556,0.70935960591133,0.41871921182266
"66","classif.randomForest",0.152777777777778,0.847222222222222,0.75923645320197,0.518472906403941
"67","classif.rpart",0.111111111111111,0.888888888888889,0.741379310344828,0.482758620689655
"68","classif.glmnet",0.208333333333333,0.791666666666667,0.777709359605911,0.555418719211823
"69","classif.nnet",0.208333333333333,0.791666666666667,0.741379310344828,0.482758620689655
"70","classif.multinom",0.194444444444444,0.805555555555556,0.794334975369458,0.588669950738916
"71","classif.naiveBayes",0.191780821917808,0.808219178082192,0.758196721311475,0.516393442622951
"72","classif.svm",0.164383561643836,0.835616438356164,0.717213114754098,0.434426229508197
"73","classif.gbm",0.164383561643836,0.835616438356164,0.830601092896175,0.66120218579235
"74","classif.lda",0.136986301369863,0.863013698630137,0.80327868852459,0.60655737704918
"75","classif.mlp",0.164383561643836,0.835616438356164,0.718579234972678,0.437158469945355
"76","classif.randomForest",0.136986301369863,0.863013698630137,0.78551912568306,0.57103825136612
"77","classif.rpart",0.150684931506849,0.849315068493151,0.788934426229508,0.577868852459016
"78","classif.glmnet",0.136986301369863,0.863013698630137,0.820355191256831,0.640710382513661
"79","classif.nnet",0.164383561643836,0.835616438356164,0.684426229508197,0.368852459016394
"80","classif.multinom",0.123287671232877,0.876712328767123,0.790983606557377,0.581967213114754
"81","classif.naiveBayes",0.205479452054795,0.794520547945205,0.596153846153846,0.192307692307692
"82","classif.svm",0.10958904109589,0.89041095890411,0.544230769230769,0.0884615384615384
"83","classif.gbm",0.10958904109589,0.89041095890411,0.6625,0.325
"84","classif.lda",0.164383561643836,0.835616438356164,0.665384615384615,0.330769230769231
"85","classif.mlp",0.10958904109589,0.89041095890411,0.361538461538462,-0.276923076923077
"86","classif.randomForest",0.136986301369863,0.863013698630137,0.754807692307692,0.509615384615385
"87","classif.rpart",0.0821917808219178,0.917808219178082,0.597115384615385,0.194230769230769
"88","classif.glmnet",0.150684931506849,0.849315068493151,0.679807692307692,0.359615384615385
"89","classif.nnet",0.10958904109589,0.89041095890411,0.694230769230769,0.388461538461538
"90","classif.multinom",0.150684931506849,0.849315068493151,0.667307692307692,0.334615384615385
"91","classif.naiveBayes",0.222222222222222,0.777777777777778,0.633333333333333,0.266666666666667
"92","classif.svm",0.166666666666667,0.833333333333333,0.476388888888889,-0.0472222222222223
"93","classif.gbm",0.166666666666667,0.833333333333333,0.704861111111111,0.409722222222222
"94","classif.lda",0.180555555555556,0.819444444444444,0.725,0.45
"95","classif.mlp",0.166666666666667,0.833333333333333,0.474305555555556,-0.0513888888888889
"96","classif.randomForest",0.152777777777778,0.847222222222222,0.739583333333333,0.479166666666667
"97","classif.rpart",0.194444444444444,0.805555555555556,0.619444444444444,0.238888888888889
"98","classif.glmnet",0.166666666666667,0.833333333333333,0.722222222222222,0.444444444444444
"99","classif.nnet",0.194444444444444,0.805555555555556,0.679166666666667,0.358333333333333
"100","classif.multinom",0.166666666666667,0.833333333333333,0.719444444444444,0.438888888888889
"101","classif.naiveBayes",0.180555555555556,0.819444444444444,0.715401785714286,0.430803571428571
"102","classif.svm",0.194444444444444,0.805555555555556,0.719866071428571,0.439732142857143
"103","classif.gbm",0.222222222222222,0.777777777777778,0.756138392857143,0.512276785714286
"104","classif.lda",0.166666666666667,0.833333333333333,0.786830357142857,0.573660714285714
"105","classif.mlp",0.222222222222222,0.777777777777778,0.559151785714286,0.118303571428571
"106","classif.randomForest",0.180555555555556,0.819444444444444,0.786830357142857,0.573660714285714
"107","classif.rpart",0.180555555555556,0.819444444444444,0.682477678571429,0.364955357142857
"108","classif.glmnet",0.180555555555556,0.819444444444444,0.797991071428571,0.595982142857143
"109","classif.nnet",0.222222222222222,0.777777777777778,0.76953125,0.5390625
"110","classif.multinom",0.166666666666667,0.833333333333333,0.762276785714286,0.524553571428571
"111","classif.naiveBayes",0.138888888888889,0.861111111111111,0.844262295081967,0.688524590163935
"112","classif.svm",0.138888888888889,0.861111111111111,0.768256333830104,0.536512667660209
"113","classif.gbm",0.152777777777778,0.847222222222222,0.77645305514158,0.552906110283159
"114","classif.lda",0.111111111111111,0.888888888888889,0.820417287630402,0.640834575260805
"115","classif.mlp",0.152777777777778,0.847222222222222,0.403129657228018,-0.193740685543964
"116","classif.randomForest",0.111111111111111,0.888888888888889,0.807749627421759,0.615499254843517
"117","classif.rpart",0.125,0.875,0.780178837555887,0.560357675111773
"118","classif.glmnet",0.111111111111111,0.888888888888889,0.807004470938897,0.614008941877794
"119","classif.nnet",0.152777777777778,0.847222222222222,0.754843517138599,0.509687034277198
"120","classif.multinom",0.111111111111111,0.888888888888889,0.830849478390462,0.661698956780924
"121","classif.naiveBayes",0.222222222222222,0.777777777777778,0.608333333333333,0.216666666666667
"122","classif.svm",0.166666666666667,0.833333333333333,0.706944444444444,0.413888888888889
"123","classif.gbm",0.166666666666667,0.833333333333333,0.697916666666667,0.395833333333333
"124","classif.lda",0.208333333333333,0.791666666666667,0.694444444444444,0.388888888888889
"125","classif.mlp",0.166666666666667,0.833333333333333,0.515277777777778,0.0305555555555554
"126","classif.randomForest",0.166666666666667,0.833333333333333,0.727777777777778,0.455555555555555
"127","classif.rpart",0.208333333333333,0.791666666666667,0.625694444444444,0.251388888888889
"128","classif.glmnet",0.180555555555556,0.819444444444444,0.725,0.45
"129","classif.nnet",0.166666666666667,0.833333333333333,0.599305555555556,0.198611111111111
"130","classif.multinom",0.208333333333333,0.791666666666667,0.694444444444444,0.388888888888889
"131","classif.naiveBayes",0.152777777777778,0.847222222222222,0.745833333333333,0.491666666666667
"132","classif.svm",0.152777777777778,0.847222222222222,0.5625,0.125
"133","classif.gbm",0.166666666666667,0.833333333333333,0.758333333333333,0.516666666666667
"134","classif.lda",0.166666666666667,0.833333333333333,0.748611111111111,0.497222222222222
"135","classif.mlp",0.166666666666667,0.833333333333333,0.638194444444444,0.276388888888889
"136","classif.randomForest",0.152777777777778,0.847222222222222,0.772222222222222,0.544444444444445
"137","classif.rpart",0.194444444444444,0.805555555555556,0.679166666666667,0.358333333333333
"138","classif.glmnet",0.152777777777778,0.847222222222222,0.7625,0.525
"139","classif.nnet",0.152777777777778,0.847222222222222,0.677777777777778,0.355555555555556
"140","classif.multinom",0.152777777777778,0.847222222222222,0.747222222222222,0.494444444444444
"141","classif.naiveBayes",0.208333333333333,0.791666666666667,0.65625,0.3125
"142","classif.svm",0.111111111111111,0.888888888888889,0.43359375,-0.1328125
"143","classif.gbm",0.111111111111111,0.888888888888889,0.8017578125,0.603515625
"144","classif.lda",0.138888888888889,0.861111111111111,0.78125,0.5625
"145","classif.mlp",0.111111111111111,0.888888888888889,0.765625,0.53125
"146","classif.randomForest",0.125,0.875,0.763671875,0.52734375
"147","classif.rpart",0.111111111111111,0.888888888888889,0.6650390625,0.330078125
"148","classif.glmnet",0.111111111111111,0.888888888888889,0.7822265625,0.564453125
"149","classif.nnet",0.111111111111111,0.888888888888889,0.6416015625,0.283203125
"150","classif.multinom",0.125,0.875,0.791015625,0.58203125
"151","classif.naiveBayes",0.263888888888889,0.736111111111111,0.67741935483871,0.354838709677419
"152","classif.svm",0.166666666666667,0.833333333333333,0.612903225806452,0.225806451612903
"153","classif.gbm",0.138888888888889,0.861111111111111,0.726612903225806,0.453225806451613
"154","classif.lda",0.194444444444444,0.805555555555556,0.706451612903226,0.412903225806452
"155","classif.mlp",0.138888888888889,0.861111111111111,0.650806451612903,0.301612903225806
"156","classif.randomForest",0.180555555555556,0.819444444444444,0.670967741935484,0.341935483870968
"157","classif.rpart",0.236111111111111,0.763888888888889,0.624193548387097,0.248387096774193
"158","classif.glmnet",0.166666666666667,0.833333333333333,0.690322580645161,0.380645161290323
"159","classif.nnet",0.138888888888889,0.861111111111111,0.714516129032258,0.429032258064516
"160","classif.multinom",0.194444444444444,0.805555555555556,0.696774193548387,0.393548387096774
"161","classif.naiveBayes",0.150684931506849,0.849315068493151,0.86031746031746,0.720634920634921
"162","classif.svm",0.123287671232877,0.876712328767123,0.787301587301587,0.574603174603175
"163","classif.gbm",0.136986301369863,0.863013698630137,0.868253968253968,0.736507936507937
"164","classif.lda",0.150684931506849,0.849315068493151,0.885714285714286,0.771428571428571
"165","classif.mlp",0.136986301369863,0.863013698630137,0.76984126984127,0.53968253968254
"166","classif.randomForest",0.123287671232877,0.876712328767123,0.803968253968254,0.607936507936508
"167","classif.rpart",0.150684931506849,0.849315068493151,0.803174603174603,0.606349206349206
"168","classif.glmnet",0.123287671232877,0.876712328767123,0.887301587301587,0.774603174603175
"169","classif.nnet",0.136986301369863,0.863013698630137,0.746031746031746,0.492063492063492
"170","classif.multinom",0.150684931506849,0.849315068493151,0.887301587301587,0.774603174603175
"171","classif.naiveBayes",0.178082191780822,0.821917808219178,0.583333333333333,0.166666666666667
"172","classif.svm",0.136986301369863,0.863013698630137,0.302083333333333,-0.395833333333333
"173","classif.gbm",0.123287671232877,0.876712328767123,0.715277777777778,0.430555555555556
"174","classif.lda",0.136986301369863,0.863013698630137,0.704861111111111,0.409722222222222
"175","classif.mlp",0.123287671232877,0.876712328767123,0.65625,0.3125
"176","classif.randomForest",0.150684931506849,0.849315068493151,0.767361111111111,0.534722222222222
"177","classif.rpart",0.136986301369863,0.863013698630137,0.696180555555556,0.392361111111111
"178","classif.glmnet",0.123287671232877,0.876712328767123,0.708333333333333,0.416666666666667
"179","classif.nnet",0.123287671232877,0.876712328767123,0.6640625,0.328125
"180","classif.multinom",0.136986301369863,0.863013698630137,0.701388888888889,0.402777777777778
"181","classif.naiveBayes",0.194444444444444,0.805555555555556,0.805555555555556,0.611111111111111
"182","classif.svm",0.180555555555556,0.819444444444444,0.780555555555556,0.561111111111111
"183","classif.gbm",0.166666666666667,0.833333333333333,0.846527777777778,0.693055555555556
"184","classif.lda",0.180555555555556,0.819444444444444,0.838888888888889,0.677777777777778
"185","classif.mlp",0.166666666666667,0.833333333333333,0.704861111111111,0.409722222222222
"186","classif.randomForest",0.194444444444444,0.805555555555556,0.742361111111111,0.484722222222222
"187","classif.rpart",0.152777777777778,0.847222222222222,0.747916666666667,0.495833333333333
"188","classif.glmnet",0.180555555555556,0.819444444444444,0.844444444444444,0.688888888888889
"189","classif.nnet",0.180555555555556,0.819444444444444,0.7,0.4
"190","classif.multinom",0.180555555555556,0.819444444444444,0.834722222222222,0.669444444444445
"191","classif.naiveBayes",0.164383561643836,0.835616438356164,0.765079365079365,0.53015873015873
"192","classif.svm",0.136986301369863,0.863013698630137,0.552380952380952,0.104761904761905
"193","classif.gbm",0.136986301369863,0.863013698630137,0.795238095238095,0.59047619047619
"194","classif.lda",0.123287671232877,0.876712328767123,0.803174603174603,0.606349206349206
"195","classif.mlp",0.136986301369863,0.863013698630137,0.726190476190476,0.452380952380952
"196","classif.randomForest",0.136986301369863,0.863013698630137,0.795238095238095,0.59047619047619
"197","classif.rpart",0.136986301369863,0.863013698630137,0.724603174603175,0.449206349206349
"198","classif.glmnet",0.136986301369863,0.863013698630137,0.833333333333333,0.666666666666667
"199","classif.nnet",0.136986301369863,0.863013698630137,0.731746031746032,0.463492063492063
"200","classif.multinom",0.123287671232877,0.876712328767123,0.795238095238095,0.59047619047619
"201","classif.naiveBayes",0.180555555555556,0.819444444444444,0.733333333333333,0.466666666666667
"202","classif.svm",0.152777777777778,0.847222222222222,0.627777777777778,0.255555555555556
"203","classif.gbm",0.166666666666667,0.833333333333333,0.758333333333333,0.516666666666667
"204","classif.lda",0.180555555555556,0.819444444444444,0.773611111111111,0.547222222222222
"205","classif.mlp",0.166666666666667,0.833333333333333,0.675,0.35
"206","classif.randomForest",0.152777777777778,0.847222222222222,0.840972222222222,0.681944444444444
"207","classif.rpart",0.111111111111111,0.888888888888889,0.684722222222222,0.369444444444444
"208","classif.glmnet",0.166666666666667,0.833333333333333,0.773611111111111,0.547222222222222
"209","classif.nnet",0.152777777777778,0.847222222222222,0.715277777777778,0.430555555555556
"210","classif.multinom",0.152777777777778,0.847222222222222,0.772222222222222,0.544444444444445
"211","classif.naiveBayes",0.123287671232877,0.876712328767123,0.74266862170088,0.48533724340176
"212","classif.svm",0.150684931506849,0.849315068493151,0.641495601173021,0.282991202346041
"213","classif.gbm",0.150684931506849,0.849315068493151,0.731671554252199,0.463343108504399
"214","classif.lda",0.123287671232877,0.876712328767123,0.730938416422287,0.461876832844575
"215","classif.mlp",0.150684931506849,0.849315068493151,0.617302052785924,0.234604105571848
"216","classif.randomForest",0.191780821917808,0.808219178082192,0.685483870967742,0.370967741935484
"217","classif.rpart",0.150684931506849,0.849315068493151,0.67375366568915,0.347507331378299
"218","classif.glmnet",0.123287671232877,0.876712328767123,0.758064516129032,0.516129032258065
"219","classif.nnet",0.150684931506849,0.849315068493151,0.696480938416422,0.392961876832845
"220","classif.multinom",0.123287671232877,0.876712328767123,0.729472140762463,0.458944281524927
"221","classif.naiveBayes",0.194444444444444,0.805555555555556,0.713888888888889,0.427777777777778
"222","classif.svm",0.152777777777778,0.847222222222222,0.461111111111111,-0.0777777777777777
"223","classif.gbm",0.166666666666667,0.833333333333333,0.722916666666667,0.445833333333333
"224","classif.lda",0.152777777777778,0.847222222222222,0.751388888888889,0.502777777777778
"225","classif.mlp",0.166666666666667,0.833333333333333,0.620138888888889,0.240277777777778
"226","classif.randomForest",0.194444444444444,0.805555555555556,0.719444444444444,0.438888888888889
"227","classif.rpart",0.138888888888889,0.861111111111111,0.656944444444444,0.313888888888889
"228","classif.glmnet",0.152777777777778,0.847222222222222,0.742361111111111,0.484722222222222
"229","classif.nnet",0.194444444444444,0.805555555555556,0.556944444444444,0.113888888888889
"230","classif.multinom",0.138888888888889,0.861111111111111,0.756944444444444,0.513888888888889
"231","classif.naiveBayes",0.219178082191781,0.780821917808219,0.680351906158358,0.360703812316715
"232","classif.svm",0.164383561643836,0.835616438356164,0.494134897360704,-0.0117302052785924
"233","classif.gbm",0.150684931506849,0.849315068493151,0.736070381231672,0.472140762463343
"234","classif.lda",0.164383561643836,0.835616438356164,0.740469208211144,0.480938416422287
"235","classif.mlp",0.150684931506849,0.849315068493151,0.747800586510264,0.495601173020528
"236","classif.randomForest",0.178082191780822,0.821917808219178,0.69208211143695,0.3841642228739
"237","classif.rpart",0.164383561643836,0.835616438356164,0.62683284457478,0.25366568914956
"238","classif.glmnet",0.178082191780822,0.821917808219178,0.73533724340176,0.470674486803519
"239","classif.nnet",0.150684931506849,0.849315068493151,0.767595307917889,0.535190615835777
"240","classif.multinom",0.164383561643836,0.835616438356164,0.750733137829912,0.501466275659824
"241","classif.naiveBayes",0.166666666666667,0.833333333333333,0.663139329805996,0.326278659611993
"242","classif.svm",0.138888888888889,0.861111111111111,0.610229276895944,0.220458553791887
"243","classif.gbm",0.125,0.875,0.701058201058201,0.402116402116402
"244","classif.lda",0.152777777777778,0.847222222222222,0.731922398589065,0.463844797178131
"245","classif.mlp",0.125,0.875,0.559082892416226,0.118165784832452
"246","classif.randomForest",0.138888888888889,0.861111111111111,0.737213403880071,0.474426807760141
"247","classif.rpart",0.125,0.875,0.519400352733686,0.0388007054673722
"248","classif.glmnet",0.125,0.875,0.716049382716049,0.432098765432099
"249","classif.nnet",0.138888888888889,0.861111111111111,0.671957671957672,0.343915343915344
"250","classif.multinom",0.138888888888889,0.861111111111111,0.753086419753086,0.506172839506173
"251","classif.naiveBayes",0.25,0.75,0.811695906432749,0.623391812865497
"252","classif.svm",0.194444444444444,0.805555555555556,0.605847953216374,0.211695906432749
"253","classif.gbm",0.208333333333333,0.791666666666667,0.837426900584795,0.674853801169591
"254","classif.lda",0.208333333333333,0.791666666666667,0.837426900584795,0.674853801169591
"255","classif.mlp",0.208333333333333,0.791666666666667,0.736842105263158,0.473684210526316
"256","classif.randomForest",0.208333333333333,0.791666666666667,0.855555555555556,0.711111111111111
"257","classif.rpart",0.180555555555556,0.819444444444444,0.639181286549708,0.278362573099415
"258","classif.glmnet",0.208333333333333,0.791666666666667,0.835087719298246,0.670175438596491
"259","classif.nnet",0.208333333333333,0.791666666666667,0.710526315789474,0.421052631578947
"260","classif.multinom",0.208333333333333,0.791666666666667,0.83859649122807,0.67719298245614
"261","classif.naiveBayes",0.180555555555556,0.819444444444444,0.816166883963494,0.632333767926988
"262","classif.svm",0.166666666666667,0.833333333333333,0.766623207301173,0.533246414602347
"263","classif.gbm",0.180555555555556,0.819444444444444,0.872229465449804,0.744458930899609
"264","classif.lda",0.152777777777778,0.847222222222222,0.880052151238592,0.760104302477184
"265","classif.mlp",0.180555555555556,0.819444444444444,0.240547588005215,-0.51890482398957
"266","classif.randomForest",0.166666666666667,0.833333333333333,0.908083441981747,0.816166883963494
"267","classif.rpart",0.166666666666667,0.833333333333333,0.763363754889179,0.526727509778357
"268","classif.glmnet",0.152777777777778,0.847222222222222,0.890482398956975,0.78096479791395
"269","classif.nnet",0.180555555555556,0.819444444444444,0.755541069100391,0.511082138200782
"270","classif.multinom",0.166666666666667,0.833333333333333,0.878748370273794,0.757496740547588
"271","classif.naiveBayes",0.180555555555556,0.819444444444444,0.62258064516129,0.245161290322581
"272","classif.svm",0.166666666666667,0.833333333333333,0.574193548387097,0.148387096774194
"273","classif.gbm",0.138888888888889,0.861111111111111,0.729032258064516,0.458064516129032
"274","classif.lda",0.152777777777778,0.847222222222222,0.701612903225806,0.403225806451613
"275","classif.mlp",0.138888888888889,0.861111111111111,0.429032258064516,-0.141935483870968
"276","classif.randomForest",0.152777777777778,0.847222222222222,0.691129032258065,0.382258064516129
"277","classif.rpart",0.166666666666667,0.833333333333333,0.582258064516129,0.164516129032258
"278","classif.glmnet",0.152777777777778,0.847222222222222,0.724193548387097,0.448387096774194
"279","classif.nnet",0.152777777777778,0.847222222222222,0.682258064516129,0.364516129032258
"280","classif.multinom",0.138888888888889,0.861111111111111,0.674193548387097,0.348387096774194
"281","classif.naiveBayes",0.136986301369863,0.863013698630137,0.722222222222222,0.444444444444444
"282","classif.svm",0.123287671232877,0.876712328767123,0.588541666666667,0.177083333333333
"283","classif.gbm",0.123287671232877,0.876712328767123,0.723090277777778,0.446180555555556
"284","classif.lda",0.136986301369863,0.863013698630137,0.703125,0.40625
"285","classif.mlp",0.123287671232877,0.876712328767123,0.6171875,0.234375
"286","classif.randomForest",0.10958904109589,0.89041095890411,0.731770833333333,0.463541666666667
"287","classif.rpart",0.123287671232877,0.876712328767123,0.659722222222222,0.319444444444444
"288","classif.glmnet",0.136986301369863,0.863013698630137,0.693576388888889,0.387152777777778
"289","classif.nnet",0.10958904109589,0.89041095890411,0.701388888888889,0.402777777777778
"290","classif.multinom",0.136986301369863,0.863013698630137,0.699652777777778,0.399305555555556
"291","classif.naiveBayes",0.180555555555556,0.819444444444444,0.849609375,0.69921875
"292","classif.svm",0.111111111111111,0.888888888888889,0.595703125,0.19140625
"293","classif.gbm",0.111111111111111,0.888888888888889,0.884765625,0.76953125
"294","classif.lda",0.166666666666667,0.833333333333333,0.875,0.75
"295","classif.mlp",0.111111111111111,0.888888888888889,0.7109375,0.421875
"296","classif.randomForest",0.125,0.875,0.8388671875,0.677734375
"297","classif.rpart",0.152777777777778,0.847222222222222,0.796875,0.59375
"298","classif.glmnet",0.138888888888889,0.861111111111111,0.888671875,0.77734375
"299","classif.nnet",0.111111111111111,0.888888888888889,0.8125,0.625
"300","classif.multinom",0.166666666666667,0.833333333333333,0.87109375,0.7421875
"301","classif.naiveBayes",0.166666666666667,0.833333333333333,0.676470588235294,0.352941176470588
"302","classif.svm",0.0972222222222222,0.902777777777778,0.488970588235294,-0.0220588235294118
"303","classif.gbm",0.0555555555555556,0.944444444444444,0.663602941176471,0.327205882352941
"304","classif.lda",0.125,0.875,0.654411764705882,0.308823529411765
"305","classif.mlp",0.0555555555555556,0.944444444444444,0.612132352941177,0.224264705882353
"306","classif.randomForest",0.152777777777778,0.847222222222222,0.762867647058823,0.525735294117647
"307","classif.rpart",0.152777777777778,0.847222222222222,0.738970588235294,0.477941176470588
"308","classif.glmnet",0.111111111111111,0.888888888888889,0.647058823529412,0.294117647058824
"309","classif.nnet",0.152777777777778,0.847222222222222,0.702205882352941,0.404411764705882
"310","classif.multinom",0.138888888888889,0.861111111111111,0.632352941176471,0.264705882352941
"311","classif.naiveBayes",0.263888888888889,0.736111111111111,0.665178571428571,0.330357142857143
"312","classif.svm",0.208333333333333,0.791666666666667,0.463169642857143,-0.0736607142857143
"313","classif.gbm",0.222222222222222,0.777777777777778,0.704241071428571,0.408482142857143
"314","classif.lda",0.236111111111111,0.763888888888889,0.670758928571429,0.341517857142857
"315","classif.mlp",0.222222222222222,0.777777777777778,0.6875,0.375
"316","classif.randomForest",0.208333333333333,0.791666666666667,0.681361607142857,0.362723214285714
"317","classif.rpart",0.236111111111111,0.763888888888889,0.579799107142857,0.159598214285714
"318","classif.glmnet",0.222222222222222,0.777777777777778,0.682477678571429,0.364955357142857
"319","classif.nnet",0.222222222222222,0.777777777777778,0.584263392857143,0.168526785714286
"320","classif.multinom",0.222222222222222,0.777777777777778,0.672991071428571,0.345982142857143
"321","classif.naiveBayes",0.136986301369863,0.863013698630137,0.682291666666667,0.364583333333333
"322","classif.svm",0.123287671232877,0.876712328767123,0.557291666666667,0.114583333333333
"323","classif.gbm",0.123287671232877,0.876712328767123,0.730034722222222,0.460069444444444
"324","classif.lda",0.0958904109589041,0.904109589041096,0.692708333333333,0.385416666666667
"325","classif.mlp",0.123287671232877,0.876712328767123,0.644097222222222,0.288194444444444
"326","classif.randomForest",0.123287671232877,0.876712328767123,0.782118055555556,0.564236111111111
"327","classif.rpart",0.123287671232877,0.876712328767123,0.590277777777778,0.180555555555556
"328","classif.glmnet",0.10958904109589,0.89041095890411,0.678819444444444,0.357638888888889
"329","classif.nnet",0.123287671232877,0.876712328767123,0.598090277777778,0.196180555555556
"330","classif.multinom",0.10958904109589,0.89041095890411,0.6875,0.375
"331","classif.naiveBayes",0.180555555555556,0.819444444444444,0.754166666666667,0.508333333333333
"332","classif.svm",0.152777777777778,0.847222222222222,0.533333333333333,0.0666666666666667
"333","classif.gbm",0.166666666666667,0.833333333333333,0.834722222222222,0.669444444444445
"334","classif.lda",0.111111111111111,0.888888888888889,0.876388888888889,0.752777777777778
"335","classif.mlp",0.166666666666667,0.833333333333333,0.233333333333333,-0.533333333333333
"336","classif.randomForest",0.138888888888889,0.861111111111111,0.823611111111111,0.647222222222222
"337","classif.rpart",0.152777777777778,0.847222222222222,0.783333333333333,0.566666666666667
"338","classif.glmnet",0.166666666666667,0.833333333333333,0.876388888888889,0.752777777777778
"339","classif.nnet",0.152777777777778,0.847222222222222,0.809722222222222,0.619444444444444
"340","classif.multinom",0.125,0.875,0.875,0.75
"341","classif.naiveBayes",0.219178082191781,0.780821917808219,0.683982683982684,0.367965367965368
"342","classif.svm",0.136986301369863,0.863013698630137,0.45021645021645,-0.0995670995670995
"343","classif.gbm",0.0958904109589041,0.904109589041096,0.662337662337662,0.324675324675325
"344","classif.lda",0.164383561643836,0.835616438356164,0.701298701298701,0.402597402597403
"345","classif.mlp",0.0958904109589041,0.904109589041096,0.485930735930736,-0.0281385281385281
"346","classif.randomForest",0.150684931506849,0.849315068493151,0.642857142857143,0.285714285714286
"347","classif.rpart",0.164383561643836,0.835616438356164,0.673160173160173,0.346320346320346
"348","classif.glmnet",0.10958904109589,0.89041095890411,0.722943722943723,0.445887445887446
"349","classif.nnet",0.0958904109589041,0.904109589041096,0.682900432900433,0.365800865800866
"350","classif.multinom",0.123287671232877,0.876712328767123,0.681818181818182,0.363636363636364
"351","classif.naiveBayes",0.25,0.75,0.726900584795322,0.453801169590643
"352","classif.svm",0.222222222222222,0.777777777777778,0.674269005847953,0.348538011695906
"353","classif.gbm",0.208333333333333,0.791666666666667,0.69766081871345,0.395321637426901
"354","classif.lda",0.277777777777778,0.722222222222222,0.662573099415205,0.325146198830409
"355","classif.mlp",0.208333333333333,0.791666666666667,0.37719298245614,-0.245614035087719
"356","classif.randomForest",0.236111111111111,0.763888888888889,0.716959064327485,0.433918128654971
"357","classif.rpart",0.236111111111111,0.763888888888889,0.490058479532164,-0.0198830409356725
"358","classif.glmnet",0.236111111111111,0.763888888888889,0.688304093567251,0.376608187134503
"359","classif.nnet",0.208333333333333,0.791666666666667,0.678947368421053,0.357894736842105
"360","classif.multinom",0.236111111111111,0.763888888888889,0.65906432748538,0.31812865497076
"361","classif.naiveBayes",0.138888888888889,0.861111111111111,0.884677419354839,0.769354838709677
"362","classif.svm",0.125,0.875,0.708870967741935,0.417741935483871
"363","classif.gbm",0.138888888888889,0.861111111111111,0.886290322580645,0.77258064516129
"364","classif.lda",0.138888888888889,0.861111111111111,0.920161290322581,0.840322580645161
"365","classif.mlp",0.138888888888889,0.861111111111111,0.879838709677419,0.759677419354839
"366","classif.randomForest",0.152777777777778,0.847222222222222,0.849193548387097,0.698387096774194
"367","classif.rpart",0.152777777777778,0.847222222222222,0.846774193548387,0.693548387096774
"368","classif.glmnet",0.125,0.875,0.918548387096774,0.837096774193548
"369","classif.nnet",0.138888888888889,0.861111111111111,0.651612903225806,0.303225806451613
"370","classif.multinom",0.125,0.875,0.918548387096774,0.837096774193548
"371","classif.naiveBayes",0.194444444444444,0.805555555555556,0.79400260756193,0.588005215123859
"372","classif.svm",0.166666666666667,0.833333333333333,0.624511082138201,0.249022164276402
"373","classif.gbm",0.180555555555556,0.819444444444444,0.810299869621903,0.620599739243807
"374","classif.lda",0.194444444444444,0.805555555555556,0.82529335071708,0.650586701434159
"375","classif.mlp",0.180555555555556,0.819444444444444,0.707953063885267,0.415906127770534
"376","classif.randomForest",0.180555555555556,0.819444444444444,0.750325945241199,0.500651890482399
"377","classif.rpart",0.194444444444444,0.805555555555556,0.745762711864407,0.491525423728814
"378","classif.glmnet",0.180555555555556,0.819444444444444,0.819426336375489,0.638852672750978
"379","classif.nnet",0.180555555555556,0.819444444444444,0.709908735332464,0.419817470664928
"380","classif.multinom",0.180555555555556,0.819444444444444,0.82529335071708,0.650586701434159
"381","classif.naiveBayes",0.152777777777778,0.847222222222222,0.806944444444444,0.613888888888889
"382","classif.svm",0.152777777777778,0.847222222222222,0.65,0.3
"383","classif.gbm",0.166666666666667,0.833333333333333,0.845138888888889,0.690277777777778
"384","classif.lda",0.138888888888889,0.861111111111111,0.868055555555556,0.736111111111111
"385","classif.mlp",0.166666666666667,0.833333333333333,0.723611111111111,0.447222222222222
"386","classif.randomForest",0.152777777777778,0.847222222222222,0.818055555555556,0.636111111111111
"387","classif.rpart",0.138888888888889,0.861111111111111,0.811111111111111,0.622222222222222
"388","classif.glmnet",0.152777777777778,0.847222222222222,0.872222222222222,0.744444444444444
"389","classif.nnet",0.166666666666667,0.833333333333333,0.8125,0.625
"390","classif.multinom",0.138888888888889,0.861111111111111,0.85,0.7
"391","classif.naiveBayes",0.150684931506849,0.849315068493151,0.755464480874317,0.510928961748634
"392","classif.svm",0.136986301369863,0.863013698630137,0.558743169398907,0.117486338797814
"393","classif.gbm",0.164383561643836,0.835616438356164,0.797814207650273,0.595628415300546
"394","classif.lda",0.136986301369863,0.863013698630137,0.833333333333333,0.666666666666667
"395","classif.mlp",0.164383561643836,0.835616438356164,0.695355191256831,0.390710382513661
"396","classif.randomForest",0.136986301369863,0.863013698630137,0.831284153005464,0.662568306010929
"397","classif.rpart",0.136986301369863,0.863013698630137,0.715846994535519,0.431693989071038
"398","classif.glmnet",0.150684931506849,0.849315068493151,0.827868852459016,0.655737704918033
"399","classif.nnet",0.164383561643836,0.835616438356164,0.73292349726776,0.465846994535519
"400","classif.multinom",0.150684931506849,0.849315068493151,0.833333333333333,0.666666666666667
"401","classif.naiveBayes",0.236111111111111,0.763888888888889,0.787165775401069,0.574331550802139
"402","classif.svm",0.222222222222222,0.777777777777778,0.541176470588235,0.0823529411764705
"403","classif.gbm",0.236111111111111,0.763888888888889,0.798930481283422,0.597860962566845
"404","classif.lda",0.194444444444444,0.805555555555556,0.786096256684492,0.572192513368984
"405","classif.mlp",0.236111111111111,0.763888888888889,0.449732620320856,-0.100534759358289
"406","classif.randomForest",0.208333333333333,0.791666666666667,0.750267379679144,0.500534759358289
"407","classif.rpart",0.236111111111111,0.763888888888889,0.741711229946524,0.483422459893048
"408","classif.glmnet",0.222222222222222,0.777777777777778,0.801604278074866,0.603208556149733
"409","classif.nnet",0.236111111111111,0.763888888888889,0.717112299465241,0.434224598930481
"410","classif.multinom",0.208333333333333,0.791666666666667,0.767914438502674,0.535828877005348
"411","classif.naiveBayes",0.125,0.875,0.755859375,0.51171875
"412","classif.svm",0.111111111111111,0.888888888888889,0.513671875,0.02734375
"413","classif.gbm",0.111111111111111,0.888888888888889,0.791015625,0.58203125
"414","classif.lda",0.111111111111111,0.888888888888889,0.80859375,0.6171875
"415","classif.mlp",0.111111111111111,0.888888888888889,0.4140625,-0.171875
"416","classif.randomForest",0.125,0.875,0.810546875,0.62109375
"417","classif.rpart",0.152777777777778,0.847222222222222,0.548828125,0.09765625
"418","classif.glmnet",0.111111111111111,0.888888888888889,0.83203125,0.6640625
"419","classif.nnet",0.111111111111111,0.888888888888889,0.78125,0.5625
"420","classif.multinom",0.111111111111111,0.888888888888889,0.80078125,0.6015625
"421","classif.naiveBayes",0.138888888888889,0.861111111111111,0.797979797979798,0.595959595959596
"422","classif.svm",0.0833333333333333,0.916666666666667,0.76010101010101,0.52020202020202
"423","classif.gbm",0.0833333333333333,0.916666666666667,0.857323232323232,0.714646464646465
"424","classif.lda",0.0972222222222222,0.902777777777778,0.868686868686869,0.737373737373737
"425","classif.mlp",0.0833333333333333,0.916666666666667,0.728535353535353,0.457070707070707
"426","classif.randomForest",0.138888888888889,0.861111111111111,0.794191919191919,0.588383838383838
"427","classif.rpart",0.0555555555555556,0.944444444444444,0.868686868686869,0.737373737373737
"428","classif.glmnet",0.0694444444444444,0.930555555555556,0.849747474747475,0.699494949494949
"429","classif.nnet",0.0972222222222222,0.902777777777778,0.565656565656566,0.131313131313131
"430","classif.multinom",0.0694444444444444,0.930555555555556,0.863636363636364,0.727272727272727
"431","classif.naiveBayes",0.208333333333333,0.791666666666667,0.738888888888889,0.477777777777778
"432","classif.svm",0.152777777777778,0.847222222222222,0.618055555555556,0.236111111111111
"433","classif.gbm",0.166666666666667,0.833333333333333,0.779166666666667,0.558333333333333
"434","classif.lda",0.166666666666667,0.833333333333333,0.797222222222222,0.594444444444445
"435","classif.mlp",0.166666666666667,0.833333333333333,0.585416666666667,0.170833333333333
"436","classif.randomForest",0.138888888888889,0.861111111111111,0.843055555555556,0.686111111111111
"437","classif.rpart",0.152777777777778,0.847222222222222,0.728472222222222,0.456944444444444
"438","classif.glmnet",0.152777777777778,0.847222222222222,0.7875,0.575
"439","classif.nnet",0.166666666666667,0.833333333333333,0.738888888888889,0.477777777777778
"440","classif.multinom",0.166666666666667,0.833333333333333,0.784722222222222,0.569444444444444
"441","classif.naiveBayes",0.208333333333333,0.791666666666667,0.8,0.6
"442","classif.svm",0.166666666666667,0.833333333333333,0.7375,0.475
"443","classif.gbm",0.166666666666667,0.833333333333333,0.771527777777778,0.543055555555556
"444","classif.lda",0.180555555555556,0.819444444444444,0.784722222222222,0.569444444444444
"445","classif.mlp",0.166666666666667,0.833333333333333,0.719444444444444,0.438888888888889
"446","classif.randomForest",0.194444444444444,0.805555555555556,0.803472222222222,0.606944444444445
"447","classif.rpart",0.152777777777778,0.847222222222222,0.74375,0.4875
"448","classif.glmnet",0.166666666666667,0.833333333333333,0.766666666666667,0.533333333333333
"449","classif.nnet",0.166666666666667,0.833333333333333,0.739583333333333,0.479166666666667
"450","classif.multinom",0.180555555555556,0.819444444444444,0.791666666666667,0.583333333333333
"451","classif.naiveBayes",0.232876712328767,0.767123287671233,0.583333333333333,0.166666666666667
"452","classif.svm",0.178082191780822,0.821917808219178,0.48974358974359,-0.0205128205128206
"453","classif.gbm",0.178082191780822,0.821917808219178,0.730128205128205,0.46025641025641
"454","classif.lda",0.178082191780822,0.821917808219178,0.733333333333333,0.466666666666667
"455","classif.mlp",0.178082191780822,0.821917808219178,0.385897435897436,-0.228205128205128
"456","classif.randomForest",0.150684931506849,0.849315068493151,0.796153846153846,0.592307692307692
"457","classif.rpart",0.150684931506849,0.849315068493151,0.718589743589744,0.437179487179487
"458","classif.glmnet",0.205479452054795,0.794520547945205,0.742307692307692,0.484615384615385
"459","classif.nnet",0.178082191780822,0.821917808219178,0.66025641025641,0.32051282051282
"460","classif.multinom",0.191780821917808,0.808219178082192,0.729487179487179,0.458974358974359
"461","classif.naiveBayes",0.25,0.75,0.717647058823529,0.435294117647059
"462","classif.svm",0.236111111111111,0.763888888888889,0.479144385026738,-0.0417112299465241
"463","classif.gbm",0.236111111111111,0.763888888888889,0.758823529411765,0.517647058823529
"464","classif.lda",0.236111111111111,0.763888888888889,0.787165775401069,0.574331550802139
"465","classif.mlp",0.236111111111111,0.763888888888889,0.627272727272727,0.254545454545455
"466","classif.randomForest",0.25,0.75,0.75668449197861,0.513368983957219
"467","classif.rpart",0.236111111111111,0.763888888888889,0.652941176470588,0.305882352941176
"468","classif.glmnet",0.222222222222222,0.777777777777778,0.787165775401069,0.574331550802139
"469","classif.nnet",0.236111111111111,0.763888888888889,0.748128342245989,0.496256684491979
"470","classif.multinom",0.236111111111111,0.763888888888889,0.79144385026738,0.582887700534759
"471","classif.naiveBayes",0.125,0.875,0.78030303030303,0.560606060606061
"472","classif.svm",0.0555555555555556,0.944444444444444,0.497474747474747,-0.00505050505050508
"473","classif.gbm",0.0833333333333333,0.916666666666667,0.869949494949495,0.73989898989899
"474","classif.lda",0.0694444444444444,0.930555555555556,0.868686868686869,0.737373737373737
"475","classif.mlp",0.0833333333333333,0.916666666666667,0.825757575757576,0.651515151515152
"476","classif.randomForest",0.0694444444444444,0.930555555555556,0.89520202020202,0.79040404040404
"477","classif.rpart",0.0694444444444444,0.930555555555556,0.858585858585859,0.717171717171717
"478","classif.glmnet",0.0694444444444444,0.930555555555556,0.866161616161616,0.732323232323232
"479","classif.nnet",0.0833333333333333,0.916666666666667,0.85479797979798,0.70959595959596
"480","classif.multinom",0.0833333333333333,0.916666666666667,0.878787878787879,0.757575757575758
"481","classif.naiveBayes",0.164383561643836,0.835616438356164,0.652380952380952,0.304761904761905
"482","classif.svm",0.150684931506849,0.849315068493151,0.593650793650794,0.187301587301587
"483","classif.gbm",0.136986301369863,0.863013698630137,0.694444444444444,0.388888888888889
"484","classif.lda",0.164383561643836,0.835616438356164,0.646031746031746,0.292063492063492
"485","classif.mlp",0.136986301369863,0.863013698630137,0.630952380952381,0.261904761904762
"486","classif.randomForest",0.191780821917808,0.808219178082192,0.580952380952381,0.161904761904762
"487","classif.rpart",0.150684931506849,0.849315068493151,0.652380952380952,0.304761904761905
"488","classif.glmnet",0.136986301369863,0.863013698630137,0.717460317460317,0.434920634920635
"489","classif.nnet",0.136986301369863,0.863013698630137,0.524603174603175,0.0492063492063493
"490","classif.multinom",0.136986301369863,0.863013698630137,0.617460317460317,0.234920634920635
"491","classif.naiveBayes",0.191780821917808,0.808219178082192,0.482638888888889,-0.0347222222222222
"492","classif.svm",0.123287671232877,0.876712328767123,0.727430555555556,0.454861111111111
"493","classif.gbm",0.123287671232877,0.876712328767123,0.743055555555556,0.486111111111111
"494","classif.lda",0.164383561643836,0.835616438356164,0.732638888888889,0.465277777777778
"495","classif.mlp",0.123287671232877,0.876712328767123,0.619791666666667,0.239583333333333
"496","classif.randomForest",0.136986301369863,0.863013698630137,0.710069444444444,0.420138888888889
"497","classif.rpart",0.150684931506849,0.849315068493151,0.692708333333333,0.385416666666667
"498","classif.glmnet",0.136986301369863,0.863013698630137,0.731770833333333,0.463541666666667
"499","classif.nnet",0.123287671232877,0.876712328767123,0.652777777777778,0.305555555555556
"500","classif.multinom",0.150684931506849,0.849315068493151,0.723958333333333,0.447916666666667
"501","classif.naiveBayes",0.0972222222222222,0.902777777777778,0.865234375,0.73046875
"502","classif.svm",0.0972222222222222,0.902777777777778,0.861328125,0.72265625
"503","classif.gbm",0.111111111111111,0.888888888888889,0.919921875,0.83984375
"504","classif.lda",0.0972222222222222,0.902777777777778,0.912109375,0.82421875
"505","classif.mlp",0.111111111111111,0.888888888888889,0.556640625,0.11328125
"506","classif.randomForest",0.111111111111111,0.888888888888889,0.8623046875,0.724609375
"507","classif.rpart",0.0555555555555556,0.944444444444444,0.9150390625,0.830078125
"508","classif.glmnet",0.0972222222222222,0.902777777777778,0.900390625,0.80078125
"509","classif.nnet",0.0833333333333333,0.916666666666667,0.8125,0.625
"510","classif.multinom",0.0972222222222222,0.902777777777778,0.908203125,0.81640625
"511","classif.naiveBayes",0.208333333333333,0.791666666666667,0.754838709677419,0.509677419354839
"512","classif.svm",0.138888888888889,0.861111111111111,0.498387096774194,-0.00322580645161286
"513","classif.gbm",0.138888888888889,0.861111111111111,0.85241935483871,0.704838709677419
"514","classif.lda",0.138888888888889,0.861111111111111,0.856451612903226,0.712903225806452
"515","classif.mlp",0.138888888888889,0.861111111111111,0.713709677419355,0.42741935483871
"516","classif.randomForest",0.138888888888889,0.861111111111111,0.801612903225806,0.603225806451613
"517","classif.rpart",0.166666666666667,0.833333333333333,0.545967741935484,0.0919354838709678
"518","classif.glmnet",0.166666666666667,0.833333333333333,0.85241935483871,0.704838709677419
"519","classif.nnet",0.138888888888889,0.861111111111111,0.532258064516129,0.064516129032258
"520","classif.multinom",0.152777777777778,0.847222222222222,0.837096774193548,0.674193548387097
"521","classif.naiveBayes",0.164383561643836,0.835616438356164,0.758680555555556,0.517361111111111
"522","classif.svm",0.123287671232877,0.876712328767123,0.5625,0.125
"523","classif.gbm",0.123287671232877,0.876712328767123,0.739583333333333,0.479166666666667
"524","classif.lda",0.164383561643836,0.835616438356164,0.732638888888889,0.465277777777778
"525","classif.mlp",0.123287671232877,0.876712328767123,0.696180555555556,0.392361111111111
"526","classif.randomForest",0.136986301369863,0.863013698630137,0.753472222222222,0.506944444444444
"527","classif.rpart",0.123287671232877,0.876712328767123,0.723958333333333,0.447916666666667
"528","classif.glmnet",0.136986301369863,0.863013698630137,0.745659722222222,0.491319444444444
"529","classif.nnet",0.10958904109589,0.89041095890411,0.772569444444444,0.545138888888889
"530","classif.multinom",0.164383561643836,0.835616438356164,0.722222222222222,0.444444444444444
"531","classif.naiveBayes",0.194444444444444,0.805555555555556,0.732748538011696,0.465497076023392
"532","classif.svm",0.194444444444444,0.805555555555556,0.646198830409357,0.292397660818714
"533","classif.gbm",0.208333333333333,0.791666666666667,0.739766081871345,0.47953216374269
"534","classif.lda",0.180555555555556,0.819444444444444,0.747953216374269,0.495906432748538
"535","classif.mlp",0.208333333333333,0.791666666666667,0.614035087719298,0.228070175438597
"536","classif.randomForest",0.166666666666667,0.833333333333333,0.735672514619883,0.471345029239766
"537","classif.rpart",0.166666666666667,0.833333333333333,0.68187134502924,0.363742690058479
"538","classif.glmnet",0.180555555555556,0.819444444444444,0.759649122807018,0.519298245614035
"539","classif.nnet",0.208333333333333,0.791666666666667,0.698830409356725,0.39766081871345
"540","classif.multinom",0.194444444444444,0.805555555555556,0.723391812865497,0.446783625730994
"541","classif.naiveBayes",0.236111111111111,0.763888888888889,0.62258064516129,0.245161290322581
"542","classif.svm",0.152777777777778,0.847222222222222,0.454838709677419,-0.0903225806451613
"543","classif.gbm",0.138888888888889,0.861111111111111,0.608870967741935,0.217741935483871
"544","classif.lda",0.180555555555556,0.819444444444444,0.641935483870968,0.283870967741936
"545","classif.mlp",0.138888888888889,0.861111111111111,0.403225806451613,-0.193548387096774
"546","classif.randomForest",0.138888888888889,0.861111111111111,0.615322580645161,0.230645161290323
"547","classif.rpart",0.111111111111111,0.888888888888889,0.583870967741935,0.167741935483871
"548","classif.glmnet",0.166666666666667,0.833333333333333,0.653225806451613,0.306451612903226
"549","classif.nnet",0.138888888888889,0.861111111111111,0.491935483870968,-0.0161290322580645
"550","classif.multinom",0.180555555555556,0.819444444444444,0.620967741935484,0.241935483870968
"551","classif.naiveBayes",0.232876712328767,0.767123287671233,0.716707021791768,0.433414043583535
"552","classif.svm",0.191780821917808,0.808219178082192,0.578692493946731,0.157384987893463
"553","classif.gbm",0.191780821917808,0.808219178082192,0.839588377723971,0.679176755447942
"554","classif.lda",0.205479452054795,0.794520547945205,0.820823244552058,0.641646489104116
"555","classif.mlp",0.191780821917808,0.808219178082192,0.719733656174334,0.439467312348668
"556","classif.randomForest",0.191780821917808,0.808219178082192,0.846246973365617,0.692493946731235
"557","classif.rpart",0.219178082191781,0.780821917808219,0.721549636803874,0.443099273607748
"558","classif.glmnet",0.205479452054795,0.794520547945205,0.861985472154964,0.723970944309927
"559","classif.nnet",0.191780821917808,0.808219178082192,0.788740920096852,0.577481840193705
"560","classif.multinom",0.205479452054795,0.794520547945205,0.818401937046005,0.63680387409201
"561","classif.naiveBayes",0.150684931506849,0.849315068493151,0.618055555555556,0.236111111111111
"562","classif.svm",0.123287671232877,0.876712328767123,0.454861111111111,-0.0902777777777778
"563","classif.gbm",0.123287671232877,0.876712328767123,0.550347222222222,0.100694444444444
"564","classif.lda",0.123287671232877,0.876712328767123,0.572916666666667,0.145833333333333
"565","classif.mlp",0.123287671232877,0.876712328767123,0.741319444444444,0.482638888888889
"566","classif.randomForest",0.0958904109589041,0.904109589041096,0.705729166666667,0.411458333333333
"567","classif.rpart",0.150684931506849,0.849315068493151,0.5546875,0.109375
"568","classif.glmnet",0.10958904109589,0.89041095890411,0.565972222222222,0.131944444444444
"569","classif.nnet",0.123287671232877,0.876712328767123,0.717881944444444,0.435763888888889
"570","classif.multinom",0.10958904109589,0.89041095890411,0.576388888888889,0.152777777777778
"571","classif.naiveBayes",0.0833333333333333,0.916666666666667,0.80050505050505,0.601010101010101
"572","classif.svm",0.0694444444444444,0.930555555555556,0.371212121212121,-0.257575757575758
"573","classif.gbm",0.0833333333333333,0.916666666666667,0.847222222222222,0.694444444444444
"574","classif.lda",0.0972222222222222,0.902777777777778,0.840909090909091,0.681818181818182
"575","classif.mlp",0.0833333333333333,0.916666666666667,0.724747474747475,0.449494949494949
"576","classif.randomForest",0.138888888888889,0.861111111111111,0.757575757575758,0.515151515151515
"577","classif.rpart",0.138888888888889,0.861111111111111,0.684343434343434,0.368686868686869
"578","classif.glmnet",0.0972222222222222,0.902777777777778,0.843434343434343,0.686868686868687
"579","classif.nnet",0.0833333333333333,0.916666666666667,0.789141414141414,0.578282828282828
"580","classif.multinom",0.0833333333333333,0.916666666666667,0.845959595959596,0.691919191919192
"581","classif.naiveBayes",0.180555555555556,0.819444444444444,0.638888888888889,0.277777777777778
"582","classif.svm",0.180555555555556,0.819444444444444,0.640277777777778,0.280555555555555
"583","classif.gbm",0.166666666666667,0.833333333333333,0.690972222222222,0.381944444444444
"584","classif.lda",0.152777777777778,0.847222222222222,0.7,0.4
"585","classif.mlp",0.222222222222222,0.777777777777778,0.5,0
"586","classif.randomForest",0.222222222222222,0.777777777777778,0.65,0.3
"587","classif.rpart",0.208333333333333,0.791666666666667,0.648611111111111,0.297222222222222
"588","classif.glmnet",0.138888888888889,0.861111111111111,0.711111111111111,0.422222222222222
"589","classif.nnet",0.166666666666667,0.833333333333333,0.63125,0.2625
"590","classif.multinom",0.138888888888889,0.861111111111111,0.701388888888889,0.402777777777778
"591","classif.naiveBayes",0.277777777777778,0.722222222222222,0.757219251336898,0.514438502673797
"592","classif.svm",0.208333333333333,0.791666666666667,0.542245989304813,0.0844919786096257
"593","classif.gbm",0.236111111111111,0.763888888888889,0.832620320855615,0.66524064171123
"594","classif.lda",0.222222222222222,0.777777777777778,0.828877005347594,0.657754010695187
"595","classif.mlp",0.236111111111111,0.763888888888889,0.542780748663102,0.0855614973262031
"596","classif.randomForest",0.25,0.75,0.813903743315508,0.627807486631016
"597","classif.rpart",0.25,0.75,0.777540106951872,0.555080213903743
"598","classif.glmnet",0.236111111111111,0.763888888888889,0.837433155080214,0.674866310160428
"599","classif.nnet",0.236111111111111,0.763888888888889,0.604812834224599,0.209625668449198
"600","classif.multinom",0.222222222222222,0.777777777777778,0.832085561497326,0.664171122994652
"601","classif.naiveBayes",0.152777777777778,0.847222222222222,0.774250440917108,0.548500881834215
"602","classif.svm",0.111111111111111,0.888888888888889,0.72663139329806,0.45326278659612
"603","classif.gbm",0.125,0.875,0.798941798941799,0.597883597883598
"604","classif.lda",0.111111111111111,0.888888888888889,0.805996472663139,0.611992945326279
"605","classif.mlp",0.125,0.875,0.54320987654321,0.0864197530864197
"606","classif.randomForest",0.0972222222222222,0.902777777777778,0.830687830687831,0.661375661375661
"607","classif.rpart",0.125,0.875,0.77689594356261,0.553791887125221
"608","classif.glmnet",0.111111111111111,0.888888888888889,0.843033509700176,0.686067019400353
"609","classif.nnet",0.125,0.875,0.663139329805996,0.326278659611993
"610","classif.multinom",0.111111111111111,0.888888888888889,0.791887125220459,0.583774250440917
"611","classif.naiveBayes",0.236111111111111,0.763888888888889,0.612518628912072,0.225037257824143
"612","classif.svm",0.138888888888889,0.861111111111111,0.576751117734724,0.153502235469449
"613","classif.gbm",0.152777777777778,0.847222222222222,0.623695976154993,0.247391952309985
"614","classif.lda",0.208333333333333,0.791666666666667,0.631892697466468,0.263785394932936
"615","classif.mlp",0.152777777777778,0.847222222222222,0.66467958271237,0.329359165424739
"616","classif.randomForest",0.180555555555556,0.819444444444444,0.744411326378539,0.488822652757079
"617","classif.rpart",0.222222222222222,0.777777777777778,0.619225037257824,0.238450074515648
"618","classif.glmnet",0.180555555555556,0.819444444444444,0.643070044709389,0.286140089418778
"619","classif.nnet",0.152777777777778,0.847222222222222,0.666915052160954,0.333830104321908
"620","classif.multinom",0.180555555555556,0.819444444444444,0.621460506706408,0.242921013412817
"621","classif.naiveBayes",0.178082191780822,0.821917808219178,0.711143695014663,0.422287390029326
"622","classif.svm",0.150684931506849,0.849315068493151,0.563049853372434,0.126099706744868
"623","classif.gbm",0.150684931506849,0.849315068493151,0.776392961876833,0.552785923753666
"624","classif.lda",0.178082191780822,0.821917808219178,0.790322580645161,0.580645161290323
"625","classif.mlp",0.150684931506849,0.849315068493151,0.711876832844575,0.42375366568915
"626","classif.randomForest",0.123287671232877,0.876712328767123,0.781524926686217,0.563049853372434
"627","classif.rpart",0.191780821917808,0.808219178082192,0.582844574780059,0.165689149560117
"628","classif.glmnet",0.150684931506849,0.849315068493151,0.784457478005865,0.56891495601173
"629","classif.nnet",0.150684931506849,0.849315068493151,0.713343108504399,0.426686217008798
"630","classif.multinom",0.136986301369863,0.863013698630137,0.785923753665689,0.571847507331378
"631","classif.naiveBayes",0.166666666666667,0.833333333333333,0.693121693121693,0.386243386243386
"632","classif.svm",0.125,0.875,0.476190476190476,-0.0476190476190477
"633","classif.gbm",0.125,0.875,0.725749559082892,0.451499118165785
"634","classif.lda",0.180555555555556,0.819444444444444,0.716049382716049,0.432098765432099
"635","classif.mlp",0.125,0.875,0.452380952380952,-0.0952380952380952
"636","classif.randomForest",0.166666666666667,0.833333333333333,0.631393298059965,0.262786596119929
"637","classif.rpart",0.125,0.875,0.514991181657848,0.0299823633156966
"638","classif.glmnet",0.152777777777778,0.847222222222222,0.727513227513228,0.455026455026455
"639","classif.nnet",0.125,0.875,0.619929453262787,0.239858906525573
"640","classif.multinom",0.180555555555556,0.819444444444444,0.705467372134039,0.410934744268078
"641","classif.naiveBayes",0.166666666666667,0.833333333333333,0.748611111111111,0.497222222222222
"642","classif.svm",0.152777777777778,0.847222222222222,0.630555555555556,0.261111111111111
"643","classif.gbm",0.166666666666667,0.833333333333333,0.786111111111111,0.572222222222222
"644","classif.lda",0.152777777777778,0.847222222222222,0.769444444444444,0.538888888888889
"645","classif.mlp",0.166666666666667,0.833333333333333,0.598611111111111,0.197222222222222
"646","classif.randomForest",0.166666666666667,0.833333333333333,0.720833333333333,0.441666666666667
"647","classif.rpart",0.152777777777778,0.847222222222222,0.68125,0.3625
"648","classif.glmnet",0.180555555555556,0.819444444444444,0.752083333333333,0.504166666666667
"649","classif.nnet",0.166666666666667,0.833333333333333,0.754166666666667,0.508333333333333
"650","classif.multinom",0.152777777777778,0.847222222222222,0.769444444444444,0.538888888888889
"651","classif.naiveBayes",0.236111111111111,0.763888888888889,0.755080213903743,0.510160427807487
"652","classif.svm",0.236111111111111,0.763888888888889,0.635294117647059,0.270588235294118
"653","classif.gbm",0.236111111111111,0.763888888888889,0.762032085561497,0.524064171122995
"654","classif.lda",0.222222222222222,0.777777777777778,0.787165775401069,0.574331550802139
"655","classif.mlp",0.236111111111111,0.763888888888889,0.582887700534759,0.165775401069519
"656","classif.randomForest",0.194444444444444,0.805555555555556,0.816577540106952,0.633155080213904
"657","classif.rpart",0.25,0.75,0.624064171122995,0.248128342245989
"658","classif.glmnet",0.208333333333333,0.791666666666667,0.787165775401069,0.574331550802139
"659","classif.nnet",0.236111111111111,0.763888888888889,0.767914438502674,0.535828877005348
"660","classif.multinom",0.208333333333333,0.791666666666667,0.782887700534759,0.565775401069519
"661","classif.naiveBayes",0.236111111111111,0.763888888888889,0.777777777777778,0.555555555555556
"662","classif.svm",0.180555555555556,0.819444444444444,0.55,0.1
"663","classif.gbm",0.166666666666667,0.833333333333333,0.784722222222222,0.569444444444444
"664","classif.lda",0.194444444444444,0.805555555555556,0.788888888888889,0.577777777777778
"665","classif.mlp",0.166666666666667,0.833333333333333,0.665277777777778,0.330555555555555
"666","classif.randomForest",0.138888888888889,0.861111111111111,0.772222222222222,0.544444444444445
"667","classif.rpart",0.138888888888889,0.861111111111111,0.728472222222222,0.456944444444444
"668","classif.glmnet",0.194444444444444,0.805555555555556,0.781944444444444,0.563888888888889
"669","classif.nnet",0.166666666666667,0.833333333333333,0.723611111111111,0.447222222222222
"670","classif.multinom",0.208333333333333,0.791666666666667,0.780555555555556,0.561111111111111
"671","classif.naiveBayes",0.10958904109589,0.89041095890411,0.825396825396825,0.650793650793651
"672","classif.svm",0.123287671232877,0.876712328767123,0.622222222222222,0.244444444444444
"673","classif.gbm",0.136986301369863,0.863013698630137,0.808730158730159,0.617460317460317
"674","classif.lda",0.0958904109589041,0.904109589041096,0.83968253968254,0.679365079365079
"675","classif.mlp",0.136986301369863,0.863013698630137,0.520634920634921,0.0412698412698413
"676","classif.randomForest",0.123287671232877,0.876712328767123,0.820634920634921,0.641269841269841
"677","classif.rpart",0.123287671232877,0.876712328767123,0.742857142857143,0.485714285714286
"678","classif.glmnet",0.10958904109589,0.89041095890411,0.826984126984127,0.653968253968254
"679","classif.nnet",0.150684931506849,0.849315068493151,0.754761904761905,0.509523809523809
"680","classif.multinom",0.10958904109589,0.89041095890411,0.841269841269841,0.682539682539683
"681","classif.naiveBayes",0.166666666666667,0.833333333333333,0.817741935483871,0.635483870967742
"682","classif.svm",0.125,0.875,0.664516129032258,0.329032258064516
"683","classif.gbm",0.138888888888889,0.861111111111111,0.812096774193548,0.624193548387097
"684","classif.lda",0.138888888888889,0.861111111111111,0.851612903225806,0.703225806451613
"685","classif.mlp",0.138888888888889,0.861111111111111,0.233870967741935,-0.532258064516129
"686","classif.randomForest",0.138888888888889,0.861111111111111,0.831451612903226,0.662903225806452
"687","classif.rpart",0.222222222222222,0.777777777777778,0.591129032258065,0.182258064516129
"688","classif.glmnet",0.111111111111111,0.888888888888889,0.861290322580645,0.72258064516129
"689","classif.nnet",0.138888888888889,0.861111111111111,0.758870967741936,0.517741935483871
"690","classif.multinom",0.125,0.875,0.851612903225806,0.703225806451613
"691","classif.naiveBayes",0.178082191780822,0.821917808219178,0.782986111111111,0.565972222222222
"692","classif.svm",0.136986301369863,0.863013698630137,0.644097222222222,0.288194444444444
"693","classif.gbm",0.123287671232877,0.876712328767123,0.842881944444444,0.685763888888889
"694","classif.lda",0.136986301369863,0.863013698630137,0.854166666666667,0.708333333333333
"695","classif.mlp",0.123287671232877,0.876712328767123,0.84375,0.6875
"696","classif.randomForest",0.150684931506849,0.849315068493151,0.755208333333333,0.510416666666667
"697","classif.rpart",0.123287671232877,0.876712328767123,0.760416666666667,0.520833333333333
"698","classif.glmnet",0.123287671232877,0.876712328767123,0.854166666666667,0.708333333333333
"699","classif.nnet",0.123287671232877,0.876712328767123,0.782986111111111,0.565972222222222
"700","classif.multinom",0.123287671232877,0.876712328767123,0.854166666666667,0.708333333333333
"701","classif.naiveBayes",0.222222222222222,0.777777777777778,0.752463054187192,0.504926108374384
"702","classif.svm",0.208333333333333,0.791666666666667,0.364532019704433,-0.270935960591133
"703","classif.gbm",0.194444444444444,0.805555555555556,0.82820197044335,0.6564039408867
"704","classif.lda",0.208333333333333,0.791666666666667,0.830049261083744,0.660098522167488
"705","classif.mlp",0.194444444444444,0.805555555555556,0.396551724137931,-0.206896551724138
"706","classif.randomForest",0.236111111111111,0.763888888888889,0.7814039408867,0.562807881773399
"707","classif.rpart",0.25,0.75,0.71551724137931,0.431034482758621
"708","classif.glmnet",0.222222222222222,0.777777777777778,0.823891625615764,0.647783251231527
"709","classif.nnet",0.194444444444444,0.805555555555556,0.717364532019704,0.434729064039409
"710","classif.multinom",0.208333333333333,0.791666666666667,0.82512315270936,0.650246305418719
"711","classif.naiveBayes",0.222222222222222,0.777777777777778,0.813786008230453,0.627572016460905
"712","classif.svm",0.222222222222222,0.777777777777778,0.712962962962963,0.425925925925926
"713","classif.gbm",0.25,0.75,0.803497942386831,0.606995884773663
"714","classif.lda",0.208333333333333,0.791666666666667,0.809670781893004,0.619341563786008
"715","classif.mlp",0.25,0.75,0.388888888888889,-0.222222222222222
"716","classif.randomForest",0.236111111111111,0.763888888888889,0.786522633744856,0.573045267489712
"717","classif.rpart",0.263888888888889,0.736111111111111,0.68261316872428,0.36522633744856
"718","classif.glmnet",0.208333333333333,0.791666666666667,0.801440329218107,0.602880658436214
"719","classif.nnet",0.25,0.75,0.731481481481482,0.462962962962963
"720","classif.multinom",0.208333333333333,0.791666666666667,0.806584362139918,0.613168724279835
"721","classif.naiveBayes",0.180555555555556,0.819444444444444,0.681034482758621,0.362068965517241
"722","classif.svm",0.194444444444444,0.805555555555556,0.620689655172414,0.241379310344828
"723","classif.gbm",0.194444444444444,0.805555555555556,0.67179802955665,0.3435960591133
"724","classif.lda",0.208333333333333,0.791666666666667,0.726600985221675,0.45320197044335
"725","classif.mlp",0.194444444444444,0.805555555555556,0.572660098522167,0.145320197044335
"726","classif.randomForest",0.208333333333333,0.791666666666667,0.698891625615764,0.397783251231527
"727","classif.rpart",0.236111111111111,0.763888888888889,0.512315270935961,0.0246305418719213
"728","classif.glmnet",0.194444444444444,0.805555555555556,0.702586206896552,0.405172413793103
"729","classif.nnet",0.194444444444444,0.805555555555556,0.692118226600985,0.38423645320197
"730","classif.multinom",0.208333333333333,0.791666666666667,0.727832512315271,0.455665024630542
"731","classif.naiveBayes",0.191780821917808,0.808219178082192,0.640710382513661,0.281420765027322
"732","classif.svm",0.178082191780822,0.821917808219178,0.48224043715847,-0.0355191256830601
"733","classif.gbm",0.164383561643836,0.835616438356164,0.679644808743169,0.359289617486339
"734","classif.lda",0.191780821917808,0.808219178082192,0.702185792349727,0.404371584699454
"735","classif.mlp",0.164383561643836,0.835616438356164,0.704918032786885,0.409836065573771
"736","classif.randomForest",0.164383561643836,0.835616438356164,0.74931693989071,0.498633879781421
"737","classif.rpart",0.178082191780822,0.821917808219178,0.609972677595628,0.219945355191257
"738","classif.glmnet",0.178082191780822,0.821917808219178,0.697404371584699,0.394808743169399
"739","classif.nnet",0.164383561643836,0.835616438356164,0.729508196721312,0.459016393442623
"740","classif.multinom",0.191780821917808,0.808219178082192,0.704918032786885,0.409836065573771
"741","classif.naiveBayes",0.0972222222222222,0.902777777777778,0.767164179104478,0.534328358208955
"742","classif.svm",0.0694444444444444,0.930555555555556,0.844776119402985,0.68955223880597
"743","classif.gbm",0.0694444444444444,0.930555555555556,0.717910447761194,0.435820895522388
"744","classif.lda",0.0694444444444444,0.930555555555556,0.722388059701493,0.444776119402985
"745","classif.mlp",0.0694444444444444,0.930555555555556,0.470149253731343,-0.0597014925373134
"746","classif.randomForest",0.125,0.875,0.732835820895522,0.465671641791045
"747","classif.rpart",0.138888888888889,0.861111111111111,0.683582089552239,0.367164179104478
"748","classif.glmnet",0.0833333333333333,0.916666666666667,0.749253731343284,0.498507462686567
"749","classif.nnet",0.0833333333333333,0.916666666666667,0.677611940298507,0.355223880597015
"750","classif.multinom",0.0694444444444444,0.930555555555556,0.719402985074627,0.438805970149254
"751","classif.naiveBayes",0.166666666666667,0.833333333333333,0.701940035273369,0.403880070546737
"752","classif.svm",0.125,0.875,0.529100529100529,0.0582010582010581
"753","classif.gbm",0.125,0.875,0.792768959435626,0.585537918871252
"754","classif.lda",0.152777777777778,0.847222222222222,0.791887125220459,0.583774250440917
"755","classif.mlp",0.125,0.875,0.626102292768959,0.252204585537919
"756","classif.randomForest",0.111111111111111,0.888888888888889,0.796296296296296,0.592592592592593
"757","classif.rpart",0.111111111111111,0.888888888888889,0.706349206349206,0.412698412698413
"758","classif.glmnet",0.125,0.875,0.827160493827161,0.654320987654321
"759","classif.nnet",0.138888888888889,0.861111111111111,0.76984126984127,0.53968253968254
"760","classif.multinom",0.138888888888889,0.861111111111111,0.784832451499118,0.569664902998236
"761","classif.naiveBayes",0.152777777777778,0.847222222222222,0.849193548387097,0.698387096774194
"762","classif.svm",0.138888888888889,0.861111111111111,0.700806451612903,0.401612903225806
"763","classif.gbm",0.138888888888889,0.861111111111111,0.833064516129032,0.666129032258064
"764","classif.lda",0.111111111111111,0.888888888888889,0.833064516129032,0.666129032258064
"765","classif.mlp",0.138888888888889,0.861111111111111,0.283064516129032,-0.433870967741935
"766","classif.randomForest",0.125,0.875,0.79758064516129,0.595161290322581
"767","classif.rpart",0.0833333333333333,0.916666666666667,0.850806451612903,0.701612903225806
"768","classif.glmnet",0.0972222222222222,0.902777777777778,0.824193548387097,0.648387096774194
"769","classif.nnet",0.138888888888889,0.861111111111111,0.718548387096774,0.437096774193548
"770","classif.multinom",0.0972222222222222,0.902777777777778,0.837903225806452,0.675806451612903
"771","classif.naiveBayes",0.178082191780822,0.821917808219178,0.812698412698413,0.625396825396825
"772","classif.svm",0.136986301369863,0.863013698630137,0.579365079365079,0.158730158730159
"773","classif.gbm",0.136986301369863,0.863013698630137,0.868253968253968,0.736507936507937
"774","classif.lda",0.123287671232877,0.876712328767123,0.834920634920635,0.66984126984127
"775","classif.mlp",0.136986301369863,0.863013698630137,0.48015873015873,-0.0396825396825397
"776","classif.randomForest",0.0958904109589041,0.904109589041096,0.853968253968254,0.707936507936508
"777","classif.rpart",0.10958904109589,0.89041095890411,0.869047619047619,0.738095238095238
"778","classif.glmnet",0.136986301369863,0.863013698630137,0.852380952380952,0.704761904761905
"779","classif.nnet",0.136986301369863,0.863013698630137,0.742063492063492,0.484126984126984
"780","classif.multinom",0.136986301369863,0.863013698630137,0.828571428571429,0.657142857142857
"781","classif.naiveBayes",0.205479452054795,0.794520547945205,0.676190476190476,0.352380952380952
"782","classif.svm",0.150684931506849,0.849315068493151,0.426984126984127,-0.146031746031746
"783","classif.gbm",0.136986301369863,0.863013698630137,0.758730158730159,0.517460317460317
"784","classif.lda",0.123287671232877,0.876712328767123,0.801587301587302,0.603174603174603
"785","classif.mlp",0.136986301369863,0.863013698630137,0.303968253968254,-0.392063492063492
"786","classif.randomForest",0.164383561643836,0.835616438356164,0.734126984126984,0.468253968253968
"787","classif.rpart",0.136986301369863,0.863013698630137,0.584920634920635,0.16984126984127
"788","classif.glmnet",0.10958904109589,0.89041095890411,0.787301587301587,0.574603174603175
"789","classif.nnet",0.136986301369863,0.863013698630137,0.773015873015873,0.546031746031746
"790","classif.multinom",0.123287671232877,0.876712328767123,0.795238095238095,0.59047619047619
"791","classif.naiveBayes",0.194444444444444,0.805555555555556,0.744140625,0.48828125
"792","classif.svm",0.125,0.875,0.568359375,0.13671875
"793","classif.gbm",0.111111111111111,0.888888888888889,0.7080078125,0.416015625
"794","classif.lda",0.180555555555556,0.819444444444444,0.74609375,0.4921875
"795","classif.mlp",0.111111111111111,0.888888888888889,0.7265625,0.453125
"796","classif.randomForest",0.125,0.875,0.7861328125,0.572265625
"797","classif.rpart",0.125,0.875,0.6533203125,0.306640625
"798","classif.glmnet",0.125,0.875,0.763671875,0.52734375
"799","classif.nnet",0.111111111111111,0.888888888888889,0.7080078125,0.416015625
"800","classif.multinom",0.166666666666667,0.833333333333333,0.740234375,0.48046875
"801","classif.naiveBayes",0.191780821917808,0.808219178082192,0.758730158730159,0.517460317460317
"802","classif.svm",0.150684931506849,0.849315068493151,0.701587301587302,0.403174603174603
"803","classif.gbm",0.136986301369863,0.863013698630137,0.727777777777778,0.455555555555555
"804","classif.lda",0.164383561643836,0.835616438356164,0.777777777777778,0.555555555555556
"805","classif.mlp",0.136986301369863,0.863013698630137,0.661904761904762,0.323809523809524
"806","classif.randomForest",0.178082191780822,0.821917808219178,0.670634920634921,0.341269841269841
"807","classif.rpart",0.164383561643836,0.835616438356164,0.703968253968254,0.407936507936508
"808","classif.glmnet",0.164383561643836,0.835616438356164,0.749206349206349,0.498412698412698
"809","classif.nnet",0.136986301369863,0.863013698630137,0.69047619047619,0.380952380952381
"810","classif.multinom",0.164383561643836,0.835616438356164,0.782539682539683,0.565079365079365
"811","classif.naiveBayes",0.194444444444444,0.805555555555556,0.76271186440678,0.525423728813559
"812","classif.svm",0.152777777777778,0.847222222222222,0.647979139504563,0.295958279009126
"813","classif.gbm",0.180555555555556,0.819444444444444,0.790743155149935,0.58148631029987
"814","classif.lda",0.152777777777778,0.847222222222222,0.792698826597132,0.585397653194263
"815","classif.mlp",0.180555555555556,0.819444444444444,0.279661016949153,-0.440677966101695
"816","classif.randomForest",0.166666666666667,0.833333333333333,0.842242503259452,0.684485006518905
"817","classif.rpart",0.194444444444444,0.805555555555556,0.711212516297262,0.422425032594524
"818","classif.glmnet",0.152777777777778,0.847222222222222,0.805736636245111,0.611473272490222
"819","classif.nnet",0.180555555555556,0.819444444444444,0.516949152542373,0.0338983050847457
"820","classif.multinom",0.152777777777778,0.847222222222222,0.784876140808344,0.569752281616688
"821","classif.naiveBayes",0.232876712328767,0.767123287671233,0.721491228070175,0.442982456140351
"822","classif.svm",0.219178082191781,0.780821917808219,0.49890350877193,-0.0021929824561403
"823","classif.gbm",0.219178082191781,0.780821917808219,0.807565789473684,0.615131578947368
"824","classif.lda",0.219178082191781,0.780821917808219,0.800438596491228,0.600877192982456
"825","classif.mlp",0.219178082191781,0.780821917808219,0.650219298245614,0.300438596491228
"826","classif.randomForest",0.205479452054795,0.794520547945205,0.716008771929825,0.432017543859649
"827","classif.rpart",0.232876712328767,0.767123287671233,0.556469298245614,0.112938596491228
"828","classif.glmnet",0.191780821917808,0.808219178082192,0.798245614035088,0.596491228070176
"829","classif.nnet",0.219178082191781,0.780821917808219,0.797697368421053,0.595394736842105
"830","classif.multinom",0.205479452054795,0.794520547945205,0.794956140350877,0.589912280701754
"831","classif.naiveBayes",0.208333333333333,0.791666666666667,0.724193548387097,0.448387096774194
"832","classif.svm",0.138888888888889,0.861111111111111,0.696774193548387,0.393548387096774
"833","classif.gbm",0.138888888888889,0.861111111111111,0.788709677419355,0.57741935483871
"834","classif.lda",0.166666666666667,0.833333333333333,0.761290322580645,0.52258064516129
"835","classif.mlp",0.138888888888889,0.861111111111111,0.637096774193548,0.274193548387097
"836","classif.randomForest",0.138888888888889,0.861111111111111,0.807258064516129,0.614516129032258
"837","classif.rpart",0.152777777777778,0.847222222222222,0.709677419354839,0.419354838709677
"838","classif.glmnet",0.152777777777778,0.847222222222222,0.798387096774194,0.596774193548387
"839","classif.nnet",0.222222222222222,0.777777777777778,0.701612903225806,0.403225806451613
"840","classif.multinom",0.138888888888889,0.861111111111111,0.756451612903226,0.512903225806452
"841","classif.naiveBayes",0.166666666666667,0.833333333333333,0.645161290322581,0.290322580645161
"842","classif.svm",0.138888888888889,0.861111111111111,0.683870967741935,0.367741935483871
"843","classif.gbm",0.138888888888889,0.861111111111111,0.729032258064516,0.458064516129032
"844","classif.lda",0.152777777777778,0.847222222222222,0.714516129032258,0.429032258064516
"845","classif.mlp",0.138888888888889,0.861111111111111,0.724193548387097,0.448387096774194
"846","classif.randomForest",0.138888888888889,0.861111111111111,0.761290322580645,0.52258064516129
"847","classif.rpart",0.152777777777778,0.847222222222222,0.724193548387097,0.448387096774194
"848","classif.glmnet",0.166666666666667,0.833333333333333,0.740322580645161,0.480645161290323
"849","classif.nnet",0.138888888888889,0.861111111111111,0.710483870967742,0.420967741935484
"850","classif.multinom",0.138888888888889,0.861111111111111,0.703225806451613,0.406451612903226
"851","classif.naiveBayes",0.125,0.875,0.766414141414141,0.532828282828283
"852","classif.svm",0.0694444444444444,0.930555555555556,0.761363636363636,0.522727272727273
"853","classif.gbm",0.0833333333333333,0.916666666666667,0.753787878787879,0.507575757575758
"854","classif.lda",0.111111111111111,0.888888888888889,0.733585858585859,0.467171717171717
"855","classif.mlp",0.0833333333333333,0.916666666666667,0.60479797979798,0.20959595959596
"856","classif.randomForest",0.0972222222222222,0.902777777777778,0.712121212121212,0.424242424242424
"857","classif.rpart",0.0833333333333333,0.916666666666667,0.617424242424242,0.234848484848485
"858","classif.glmnet",0.0972222222222222,0.902777777777778,0.738636363636364,0.477272727272727
"859","classif.nnet",0.0833333333333333,0.916666666666667,0.54040404040404,0.0808080808080809
"860","classif.multinom",0.111111111111111,0.888888888888889,0.733585858585859,0.467171717171717
"861","classif.naiveBayes",0.236111111111111,0.763888888888889,0.716666666666667,0.433333333333333
"862","classif.svm",0.166666666666667,0.833333333333333,0.643055555555556,0.286111111111111
"863","classif.gbm",0.166666666666667,0.833333333333333,0.738194444444444,0.476388888888889
"864","classif.lda",0.166666666666667,0.833333333333333,0.740277777777778,0.480555555555556
"865","classif.mlp",0.166666666666667,0.833333333333333,0.548611111111111,0.0972222222222223
"866","classif.randomForest",0.180555555555556,0.819444444444444,0.75,0.5
"867","classif.rpart",0.138888888888889,0.861111111111111,0.756944444444444,0.513888888888889
"868","classif.glmnet",0.138888888888889,0.861111111111111,0.727777777777778,0.455555555555555
"869","classif.nnet",0.166666666666667,0.833333333333333,0.611805555555556,0.223611111111111
"870","classif.multinom",0.152777777777778,0.847222222222222,0.743055555555556,0.486111111111111
"871","classif.naiveBayes",0.0972222222222222,0.902777777777778,0.74609375,0.4921875
"872","classif.svm",0.111111111111111,0.888888888888889,0.63671875,0.2734375
"873","classif.gbm",0.111111111111111,0.888888888888889,0.80859375,0.6171875
"874","classif.lda",0.0972222222222222,0.902777777777778,0.84375,0.6875
"875","classif.mlp",0.111111111111111,0.888888888888889,0.822265625,0.64453125
"876","classif.randomForest",0.111111111111111,0.888888888888889,0.8193359375,0.638671875
"877","classif.rpart",0.152777777777778,0.847222222222222,0.7080078125,0.416015625
"878","classif.glmnet",0.0972222222222222,0.902777777777778,0.861328125,0.72265625
"879","classif.nnet",0.111111111111111,0.888888888888889,0.7822265625,0.564453125
"880","classif.multinom",0.0972222222222222,0.902777777777778,0.83984375,0.6796875
"881","classif.naiveBayes",0.219178082191781,0.780821917808219,0.827586206896552,0.655172413793103
"882","classif.svm",0.205479452054795,0.794520547945205,0.485057471264368,-0.0298850574712644
"883","classif.gbm",0.205479452054795,0.794520547945205,0.871264367816092,0.742528735632184
"884","classif.lda",0.191780821917808,0.808219178082192,0.877011494252874,0.754022988505747
"885","classif.mlp",0.205479452054795,0.794520547945205,0.732183908045977,0.464367816091954
"886","classif.randomForest",0.205479452054795,0.794520547945205,0.814942528735632,0.629885057471264
"887","classif.rpart",0.232876712328767,0.767123287671233,0.709770114942529,0.419540229885057
"888","classif.glmnet",0.205479452054795,0.794520547945205,0.891954022988506,0.783908045977012
"889","classif.nnet",0.205479452054795,0.794520547945205,0.72816091954023,0.45632183908046
"890","classif.multinom",0.205479452054795,0.794520547945205,0.872413793103448,0.744827586206896
"891","classif.naiveBayes",0.152777777777778,0.847222222222222,0.682258064516129,0.364516129032258
"892","classif.svm",0.138888888888889,0.861111111111111,0.495161290322581,-0.00967741935483868
"893","classif.gbm",0.138888888888889,0.861111111111111,0.695967741935484,0.391935483870968
"894","classif.lda",0.180555555555556,0.819444444444444,0.680645161290323,0.361290322580645
"895","classif.mlp",0.138888888888889,0.861111111111111,0.533870967741935,0.0677419354838709
"896","classif.randomForest",0.166666666666667,0.833333333333333,0.699193548387097,0.398387096774194
"897","classif.rpart",0.125,0.875,0.668548387096774,0.337096774193548
"898","classif.glmnet",0.138888888888889,0.861111111111111,0.673387096774194,0.346774193548387
"899","classif.nnet",0.138888888888889,0.861111111111111,0.646774193548387,0.293548387096774
"900","classif.multinom",0.138888888888889,0.861111111111111,0.691935483870968,0.383870967741935
"901","classif.naiveBayes",0.208333333333333,0.791666666666667,0.821390374331551,0.642780748663102
"902","classif.svm",0.236111111111111,0.763888888888889,0.651336898395722,0.302673796791444
"903","classif.gbm",0.236111111111111,0.763888888888889,0.82192513368984,0.643850267379679
"904","classif.lda",0.194444444444444,0.805555555555556,0.818181818181818,0.636363636363636
"905","classif.mlp",0.236111111111111,0.763888888888889,0.82192513368984,0.643850267379679
"906","classif.randomForest",0.236111111111111,0.763888888888889,0.800534759358289,0.601069518716578
"907","classif.rpart",0.263888888888889,0.736111111111111,0.555614973262032,0.111229946524064
"908","classif.glmnet",0.222222222222222,0.777777777777778,0.805347593582888,0.610695187165775
"909","classif.nnet",0.236111111111111,0.763888888888889,0.770053475935829,0.540106951871658
"910","classif.multinom",0.222222222222222,0.777777777777778,0.817112299465241,0.634224598930481
"911","classif.naiveBayes",0.208333333333333,0.791666666666667,0.683333333333333,0.366666666666667
"912","classif.svm",0.166666666666667,0.833333333333333,0.597222222222222,0.194444444444444
"913","classif.gbm",0.166666666666667,0.833333333333333,0.686805555555556,0.373611111111111
"914","classif.lda",0.194444444444444,0.805555555555556,0.711111111111111,0.422222222222222
"915","classif.mlp",0.166666666666667,0.833333333333333,0.568055555555556,0.136111111111111
"916","classif.randomForest",0.194444444444444,0.805555555555556,0.742361111111111,0.484722222222222
"917","classif.rpart",0.194444444444444,0.805555555555556,0.622222222222222,0.244444444444444
"918","classif.glmnet",0.152777777777778,0.847222222222222,0.709722222222222,0.419444444444445
"919","classif.nnet",0.166666666666667,0.833333333333333,0.658333333333333,0.316666666666667
"920","classif.multinom",0.180555555555556,0.819444444444444,0.709722222222222,0.419444444444445
"921","classif.naiveBayes",0.10958904109589,0.89041095890411,0.742424242424242,0.484848484848485
"922","classif.svm",0.0958904109589041,0.904109589041096,0.601731601731602,0.203463203463204
"923","classif.gbm",0.0958904109589041,0.904109589041096,0.737012987012987,0.474025974025974
"924","classif.lda",0.10958904109589,0.89041095890411,0.779220779220779,0.558441558441559
"925","classif.mlp",0.0958904109589041,0.904109589041096,0.393939393939394,-0.212121212121212
"926","classif.randomForest",0.0821917808219178,0.917808219178082,0.754329004329004,0.508658008658009
"927","classif.rpart",0.123287671232877,0.876712328767123,0.597402597402597,0.194805194805195
"928","classif.glmnet",0.0958904109589041,0.904109589041096,0.781385281385281,0.562770562770563
"929","classif.nnet",0.0958904109589041,0.904109589041096,0.603896103896104,0.207792207792208
"930","classif.multinom",0.0958904109589041,0.904109589041096,0.79004329004329,0.58008658008658
"931","classif.naiveBayes",0.166666666666667,0.833333333333333,0.75390625,0.5078125
"932","classif.svm",0.0972222222222222,0.902777777777778,0.568359375,0.13671875
"933","classif.gbm",0.111111111111111,0.888888888888889,0.75390625,0.5078125
"934","classif.lda",0.0833333333333333,0.916666666666667,0.73828125,0.4765625
"935","classif.mlp",0.111111111111111,0.888888888888889,0.373046875,-0.25390625
"936","classif.randomForest",0.111111111111111,0.888888888888889,0.7255859375,0.451171875
"937","classif.rpart",0.0694444444444444,0.930555555555556,0.7548828125,0.509765625
"938","classif.glmnet",0.0972222222222222,0.902777777777778,0.75390625,0.5078125
"939","classif.nnet",0.111111111111111,0.888888888888889,0.67578125,0.3515625
"940","classif.multinom",0.0972222222222222,0.902777777777778,0.748046875,0.49609375
"941","classif.naiveBayes",0.166666666666667,0.833333333333333,0.60546875,0.2109375
"942","classif.svm",0.111111111111111,0.888888888888889,0.447265625,-0.10546875
"943","classif.gbm",0.111111111111111,0.888888888888889,0.681640625,0.36328125
"944","classif.lda",0.152777777777778,0.847222222222222,0.650390625,0.30078125
"945","classif.mlp",0.111111111111111,0.888888888888889,0.5810546875,0.162109375
"946","classif.randomForest",0.0972222222222222,0.902777777777778,0.751953125,0.50390625
"947","classif.rpart",0.125,0.875,0.66015625,0.3203125
"948","classif.glmnet",0.138888888888889,0.861111111111111,0.662109375,0.32421875
"949","classif.nnet",0.111111111111111,0.888888888888889,0.7373046875,0.474609375
"950","classif.multinom",0.138888888888889,0.861111111111111,0.6484375,0.296875
"951","classif.naiveBayes",0.191780821917808,0.808219178082192,0.719945355191257,0.439890710382514
"952","classif.svm",0.164383561643836,0.835616438356164,0.64207650273224,0.284153005464481
"953","classif.gbm",0.164383561643836,0.835616438356164,0.779371584699454,0.558743169398907
"954","classif.lda",0.219178082191781,0.780821917808219,0.754098360655738,0.508196721311475
"955","classif.mlp",0.164383561643836,0.835616438356164,0.724726775956284,0.449453551912568
"956","classif.randomForest",0.219178082191781,0.780821917808219,0.728825136612022,0.457650273224044
"957","classif.rpart",0.164383561643836,0.835616438356164,0.649590163934426,0.299180327868853
"958","classif.glmnet",0.150684931506849,0.849315068493151,0.769808743169399,0.539617486338798
"959","classif.nnet",0.164383561643836,0.835616438356164,0.663934426229508,0.327868852459016
"960","classif.multinom",0.178082191780822,0.821917808219178,0.748633879781421,0.497267759562842
"961","classif.naiveBayes",0.194444444444444,0.805555555555556,0.862891207153502,0.725782414307004
"962","classif.svm",0.152777777777778,0.847222222222222,0.581222056631893,0.162444113263785
"963","classif.gbm",0.152777777777778,0.847222222222222,0.908345752608048,0.816691505216095
"964","classif.lda",0.111111111111111,0.888888888888889,0.923994038748137,0.847988077496274
"965","classif.mlp",0.152777777777778,0.847222222222222,0.834575260804769,0.669150521609538
"966","classif.randomForest",0.166666666666667,0.833333333333333,0.831594634873323,0.663189269746647
"967","classif.rpart",0.166666666666667,0.833333333333333,0.638599105812221,0.277198211624441
"968","classif.glmnet",0.125,0.875,0.901639344262295,0.80327868852459
"969","classif.nnet",0.180555555555556,0.819444444444444,0.791356184798808,0.582712369597616
"970","classif.multinom",0.125,0.875,0.923994038748137,0.847988077496274
"971","classif.naiveBayes",0.232876712328767,0.767123287671233,0.682051282051282,0.364102564102564
"972","classif.svm",0.178082191780822,0.821917808219178,0.561538461538462,0.123076923076923
"973","classif.gbm",0.178082191780822,0.821917808219178,0.721153846153846,0.442307692307692
"974","classif.lda",0.191780821917808,0.808219178082192,0.721794871794872,0.443589743589744
"975","classif.mlp",0.178082191780822,0.821917808219178,0.616025641025641,0.232051282051282
"976","classif.randomForest",0.123287671232877,0.876712328767123,0.776282051282051,0.552564102564103
"977","classif.rpart",0.164383561643836,0.835616438356164,0.687820512820513,0.375641025641026
"978","classif.glmnet",0.178082191780822,0.821917808219178,0.735897435897436,0.471794871794872
"979","classif.nnet",0.178082191780822,0.821917808219178,0.673717948717949,0.347435897435898
"980","classif.multinom",0.178082191780822,0.821917808219178,0.714102564102564,0.428205128205128
"981","classif.naiveBayes",0.180555555555556,0.819444444444444,0.747222222222222,0.494444444444444
"982","classif.svm",0.166666666666667,0.833333333333333,0.508333333333333,0.0166666666666666
"983","classif.gbm",0.166666666666667,0.833333333333333,0.79375,0.5875
"984","classif.lda",0.166666666666667,0.833333333333333,0.772222222222222,0.544444444444445
"985","classif.mlp",0.166666666666667,0.833333333333333,0.755555555555556,0.511111111111111
"986","classif.randomForest",0.138888888888889,0.861111111111111,0.815277777777778,0.630555555555556
"987","classif.rpart",0.180555555555556,0.819444444444444,0.680555555555556,0.361111111111111
"988","classif.glmnet",0.180555555555556,0.819444444444444,0.811805555555556,0.623611111111111
"989","classif.nnet",0.166666666666667,0.833333333333333,0.572222222222222,0.144444444444444
"990","classif.multinom",0.166666666666667,0.833333333333333,0.7625,0.525
"991","classif.naiveBayes",0.180555555555556,0.819444444444444,0.738709677419355,0.47741935483871
"992","classif.svm",0.138888888888889,0.861111111111111,0.706451612903226,0.412903225806452
"993","classif.gbm",0.138888888888889,0.861111111111111,0.837903225806452,0.675806451612903
"994","classif.lda",0.152777777777778,0.847222222222222,0.816129032258065,0.632258064516129
"995","classif.mlp",0.138888888888889,0.861111111111111,0.290322580645161,-0.419354838709677
"996","classif.randomForest",0.125,0.875,0.87741935483871,0.754838709677419
"997","classif.rpart",0.138888888888889,0.861111111111111,0.737096774193548,0.474193548387097
"998","classif.glmnet",0.166666666666667,0.833333333333333,0.813709677419355,0.62741935483871
"999","classif.nnet",0.138888888888889,0.861111111111111,0.774193548387097,0.548387096774194
"1000","classif.multinom",0.152777777777778,0.847222222222222,0.812903225806452,0.625806451612903
